First Name,Last Name,Gender,DOB,Age,Weight / kg,Height / cm,Passport/IC,Club,EMail,Phone,Payment,Medical,Kumite,Kata
Kosyika,Komagarajan,F,2017-04-22,9,40.3,0,,Senshi Goju-Ryu ,mbalamsm@gmail.com,,Paid,Cleared,Y,N
Santhosh Raj,Komagarajan,M,2019-05-29,7,25.5,0,,Senshi Goju-Ryu ,mbalamsm@gmail.com,,Paid,Cleared,Y,N
Aainesh,Aainesh,m,2012-05-01,12,46,0,,Senshi Goju-Ryu,,60121523691,Paid,Cleared,Yes,No
AKILESH,VAMATHEVAN,m,2008-09-06,16,86,0,,Senshi Goju-Ryu,,6011-3334445,Paid,Cleared,Yes,Yes
AKILESH_ALAGAN,VAMATHEVAN,m,2008-09-06,16,86,0,80906101709,Senshi Goju-Ryu,,6018-7776655,Paid,Cleared,No,Yes
ANUSHIA,MUTHUKUMAR,f,2003-07-28,21,79,0,,Senshi Goju-Ryu,mbalamsm@gmail.com,60126273691,Paid,Cleared,Y,N
Aviyan,Aviyan,m,2019-08-14,5,23,0,,Senshi Goju-Ryu,aviyan@gmail.com,60123556693,Paid,Cleared,Y,N
Rayyan,Iskandar,m,2006-11-20,18,68,175,061120-10-2222,Senshi Goju-Ryu,rayyan@example.com,60121523691,Paid,Cleared,Y,N
Sophia,Lee,f,2005-02-14,19,53,163,050214-14-9999,Senshi Goju-Ryu,sophia@example.com,6011-3334445,Pending,Cleared,N,N
